[
 {
  "registered_name": "&quot;Benchmark finance&quot; JSCo",
  "regafi_identifier": "70362"
 },
 {
  "registered_name": "1875 Finance (Luxembourg) S.A.",
  "regafi_identifier": "67812"
 },
 {
  "registered_name": "2 PM Europe S.A.",
  "regafi_identifier": "68060"
 },
 {
  "registered_name": "2GWEB",
  "regafi_identifier": "92183"
 },
 {
  "registered_name": "3D Global financial services Ltd",
  "regafi_identifier": "29484"
 },
 {
  "registered_name": "XTB limited",
  "regafi_identifier": "52818"
 }
]